SchoolName,Graduate,Dropout,All Students,Male,White,English Language Learners,Low-Income,Expenditure,DisciplineInt,Male.p,White.p,ELL.p,Low-Income.p
Harbor High School,14.0,9.0,51,22,30,8,40,1760238.6,4_to_7,43.13725490196079,58.82352941176471,15.686274509803921,78.43137254901961
J M Weatherwax High School,161.0,10.0,222,126,126,17,111,14207768.8,4_to_7,56.75675675675676,56.75675675675676,7.657657657657657,50.0
Anacortes High School,161.0,3.0,175,91,143,5,37,11196179.6,below_2,52.0,81.71428571428572,2.857142857142857,21.142857142857142
Cap Sante High School,15.0,11.0,43,26,34,0,22,690262.4,4_to_7,60.46511627906976,79.06976744186046,0.0,51.162790697674424
Arlington High School,365.0,17.0,415,228,325,9,123,21170675.6,2_to_4,54.93975903614457,78.3132530120482,2.1686746987951806,29.63855421686747
Arlington Special Educ School,0.0,0.0,1,1,1,0,0,1252405.6,,100.0,100.0,0.0,0.0
Weston High School,20.0,2.0,55,30,44,4,27,2842139.6,2_to_4,54.54545454545454,80.0,7.2727272727272725,49.09090909090909
Asotin Jr Sr High,58.0,2.0,61,27,51,0,15,4281702.0,7_10,44.26229508196721,83.60655737704919,0.0,24.59016393442623
Auburn Mountainview High School,337.0,26.0,378,173,180,40,169,21179070.9,4_to_7,45.767195767195766,47.61904761904761,10.582010582010582,44.70899470899471
Auburn Riverside High School,319.0,19.0,346,164,166,32,133,21275147.4,4_to_7,47.398843930635834,47.97687861271676,9.248554913294797,38.4393063583815
Auburn Senior High School,320.0,54.0,393,192,135,47,241,25132901.2,4_to_7,48.854961832061065,34.35114503816794,11.959287531806616,61.32315521628499
West Auburn Senior High School,24.0,58.0,77,39,26,11,50,4580593.6,7_10,50.649350649350644,33.76623376623377,14.285714285714285,64.93506493506493
Bainbridge High School,272.0,8.0,285,146,225,1,17,16146658.9,below_2,51.2280701754386,78.94736842105263,0.3508771929824561,5.964912280701754
Eagle Harbor High School,29.0,4.0,32,20,26,0,1,1855016.2,7_10,62.5,81.25,0.0,3.125
Battle Ground High School,397.0,43.0,512,287,443,22,125,25229748.5,4_to_7,56.0546875,86.5234375,4.296875,24.4140625
Homelink River,73.0,19.0,82,35,70,1,29,10052255.9,2_to_4,42.68292682926829,85.36585365853658,1.2195121951219512,35.36585365853659
Prairie High School,299.0,32.0,371,193,277,22,110,19674086.9,2_to_4,52.02156334231805,74.66307277628033,5.929919137466308,29.649595687331537
Summit View High School,50.0,77.0,220,97,178,6,108,4284860.4,below_2,44.09090909090909,80.9090909090909,2.727272727272727,49.09090909090909
Bellevue High School,403.0,22.0,453,241,219,24,63,22307107.1,below_2,53.20088300220751,48.34437086092716,5.298013245033113,13.90728476821192
Interlake Senior High School,359.0,22.0,397,210,139,35,99,26948197.3,below_2,52.896725440806044,35.012594458438286,8.816120906801007,24.937027707808564
Newport Senior High School,404.0,4.0,428,233,126,23,66,25057708.3,below_2,54.4392523364486,29.439252336448597,5.373831775700935,15.42056074766355
Sammamish Senior High,257.0,20.0,293,151,134,26,99,18557946.2,below_2,51.5358361774744,45.73378839590443,8.873720136518772,33.78839590443686
Bellingham High School,220.0,10.0,243,124,164,10,72,14254047.0,below_2,51.028806584362144,67.48971193415639,4.11522633744856,29.629629629629626
Options High School,39.0,6.0,51,18,28,1,36,3316090.2,4_to_7,35.294117647058826,54.90196078431373,1.9607843137254901,70.58823529411765
Sehome High School,268.0,7.0,305,159,230,5,73,14971434.4,below_2,52.131147540983605,75.40983606557377,1.639344262295082,23.934426229508198
Squalicum High School,257.0,27.0,311,149,169,15,119,15966148.4,2_to_4,47.90996784565916,54.340836012861736,4.823151125401929,38.263665594855304
Acceleration Academy,4.0,73.0,184,105,116,7,70,563368.4,below_2,57.065217391304344,63.04347826086957,3.804347826086957,38.04347826086957
Bethel High School,352.0,24.0,405,205,240,7,157,21157775.7,4_to_7,50.617283950617285,59.25925925925925,1.728395061728395,38.76543209876544
Challenger High School,82.0,17.0,148,71,77,2,101,4397801.0,2_to_4,47.97297297297297,52.02702702702703,1.3513513513513513,68.24324324324324
Graham Kapowsin High School,379.0,33.0,425,219,253,16,141,22450848.6,2_to_4,51.52941176470588,59.529411764705884,3.7647058823529407,33.1764705882353
Spanaway Lake High School,276.0,22.0,324,157,132,13,160,19608030.3,2_to_4,48.45679012345679,40.74074074074074,4.012345679012346,49.382716049382715
Blaine High School,118.0,16.0,162,95,119,3,63,9782898.7,below_2,58.64197530864198,73.4567901234568,1.8518518518518516,38.88888888888889
Bremerton High School,217.0,40.0,262,139,137,10,146,18068931.8,4_to_7,53.05343511450382,52.29007633587786,3.816793893129771,55.72519083969466
Renaissance Alternative High School,18.0,17.0,37,15,16,0,22,2050084.3,4_to_7,40.54054054054054,43.24324324324324,0.0,59.45945945945946
Bridgeport High School,53.0,3.0,62,44,2,24,58,3995276.5,4_to_7,70.96774193548387,3.225806451612903,38.70967741935484,93.54838709677419
Burlington-Edison Alternative School,15.0,8.0,29,12,11,5,18,1029873.4,7_10,41.37931034482759,37.93103448275862,17.24137931034483,62.06896551724138
Burlington Edison High School,228.0,26.0,251,125,146,31,104,16082247.5,2_to_4,49.800796812749006,58.16733067729084,12.350597609561753,41.43426294820717
Camas High School,501.0,20.0,567,273,427,2,63,25212612.2,below_2,48.148148148148145,75.30864197530865,0.3527336860670194,11.11111111111111
Hayes Freedom High School,32.0,6.0,46,26,38,0,21,2235574.7,4_to_7,56.52173913043478,82.6086956521739,0.0,45.65217391304348
Cascade High School,83.0,8.0,94,47,63,2,44,5883500.0,2_to_4,50.0,67.02127659574468,2.127659574468085,46.808510638297875
CASHMERE HIGH SCHOOL,105.0,6.0,117,55,73,6,50,6037801.1,2_to_4,47.008547008547005,62.39316239316239,5.128205128205128,42.73504273504273
Castle Rock High School,87.0,8.0,110,54,88,5,55,5495099.0,2_to_4,49.09090909090909,80.0,4.545454545454546,50.0
Barker Creek Community School,70.0,16.0,136,82,94,0,59,5540494.8,2_to_4,60.29411764705882,69.11764705882352,0.0,43.38235294117647
Central Kitsap High School,297.0,8.0,353,179,186,2,91,20191104.6,below_2,50.70821529745042,52.69121813031161,0.56657223796034,25.77903682719547
Klahowya Secondary,135.0,7.0,160,78,123,2,45,16258616.5,below_2,48.75,76.875,1.25,28.125
Olympic High School,245.0,10.0,281,154,134,8,124,17141436.2,below_2,54.804270462633454,47.686832740213525,2.8469750889679712,44.128113879003564
Central Valley High School,455.0,36.0,541,292,474,19,145,25819308.2,4_to_7,53.97412199630314,87.61552680221811,3.512014787430684,26.80221811460259
CVSD Open Doors Programs,6.0,21.0,68,39,61,2,25,147632.4,2_to_4,57.35294117647059,89.70588235294117,2.941176470588235,36.76470588235294
Mica Peak High School,44.0,10.0,65,38,57,0,30,3789455.4,2_to_4,58.46153846153847,87.6923076923077,0.0,46.15384615384615
University High School,392.0,22.0,418,224,359,2,175,24393868.1,4_to_7,53.588516746411486,85.88516746411483,0.4784688995215311,41.866028708133975
Centralia High School,178.0,17.0,244,120,157,11,143,15309432.1,7_10,49.18032786885246,64.34426229508196,4.508196721311475,58.606557377049185
Futurus High School,7.0,7.0,28,11,13,0,22,679222.4,4_to_7,39.285714285714285,46.42857142857143,0.0,78.57142857142857
Lewis County Alternative School,11.0,13.0,27,14,17,2,17,389792.4,4_to_7,51.85185185185185,62.96296296296296,7.4074074074074066,62.96296296296296
W F West High School,186.0,5.0,231,113,178,4,82,12500014.9,below_2,48.917748917748916,77.05627705627705,1.7316017316017316,35.4978354978355
Cheney High School,242.0,15.0,278,147,225,4,117,15613195.2,2_to_4,52.87769784172662,80.93525179856115,1.4388489208633095,42.086330935251794
Cheney Open Doors,2.0,11.0,8,2,6,0,4,26487.7,7_10,25.0,75.0,0.0,50.0
Three Springs High School,6.0,7.0,11,4,10,0,7,706439.7,7_10,36.36363636363637,90.9090909090909,0.0,63.63636363636363
Quartzite Learning,14.0,2.0,16,8,15,0,8,1057568.0,7_10,50.0,93.75,0.0,50.0
Chief Leschi Schools,24.0,7.0,43,22,1,0,0,5982052.4,4_to_7,51.162790697674424,2.3255813953488373,0.0,0.0
Chimacum Junior/Senior High School,71.0,5.0,75,29,59,3,25,4018224.5,7_10,38.666666666666664,78.66666666666666,4.0,33.33333333333333
Charles Francis Adams High School,142.0,11.0,159,77,127,3,58,10099030.5,below_2,48.42767295597484,79.87421383647799,1.8867924528301887,36.477987421383645
Educational Opportunity Center,14.0,12.0,42,23,36,0,24,1142247.0,2_to_4,54.761904761904766,85.71428571428571,0.0,57.14285714285714
Special Services,0.0,0.0,1,1,1,0,1,147373.2,,100.0,100.0,0.0,100.0
Cle Elum Roslyn High School,46.0,3.0,52,30,44,0,11,3528355.3,4_to_7,57.692307692307686,84.61538461538461,0.0,21.153846153846153
Swiftwater Alternative High School,8.0,2.0,18,8,16,0,13,379643.6,7_10,44.44444444444444,88.88888888888889,0.0,72.22222222222221
Clover Park High School,222.0,51.0,265,115,43,31,206,19572739.7,4_to_7,43.39622641509434,16.22641509433962,11.69811320754717,77.73584905660378
CPSD Open Doors Program,8.0,56.0,80,42,21,10,58,1871995.5,2_to_4,52.5,26.25,12.5,72.5
Lakes High School,233.0,17.0,263,136,114,14,117,19438639.3,4_to_7,51.71102661596958,43.346007604562736,5.323193916349809,44.48669201520912
Oakridge Group Home,0.0,0.0,4,4,1,0,3,12228.7,7_10,100.0,25.0,0.0,75.0
Transition Day Students,0.0,0.0,1,1,1,0,0,31713.3,,100.0,100.0,0.0,0.0
Colfax High School,39.0,2.0,40,20,34,0,14,4234080.2,4_to_7,50.0,85.0,0.0,35.0
College Place High School,84.0,2.0,96,56,60,9,42,5977096.2,2_to_4,58.333333333333336,62.5,9.375,43.75
Columbia High School,42.0,10.0,46,30,30,1,20,3865673.0,4_to_7,65.21739130434783,65.21739130434783,2.1739130434782608,43.47826086956522
Colville Senior High School,126.0,6.0,140,70,121,1,57,7897083.3,below_2,50.0,86.42857142857143,0.7142857142857143,40.714285714285715
Panorama School,8.0,7.0,20,11,14,0,13,973136.1,7_10,55.00000000000001,70.0,0.0,65.0
Concrete High School,25.0,6.0,38,25,32,0,20,4081621.6,7_10,65.78947368421053,84.21052631578947,0.0,52.63157894736842
Twin Cedars High School,2.0,5.0,6,3,6,0,5,143141.7,7_10,50.0,100.0,0.0,83.33333333333334
Coupeville High School,61.0,1.0,66,39,48,1,23,5300802.8,2_to_4,59.09090909090909,72.72727272727273,1.5151515151515151,34.84848484848485
Crescent School,15.0,3.0,17,11,16,0,8,3785294.1,7_10,64.70588235294117,94.11764705882352,0.0,47.05882352941176
Curlew Elem & High School,15.0,31.0,25,17,19,0,12,3213277.6,7_10,68.0,76.0,0.0,48.0
Cusick Jr Sr High School,11.0,0.0,17,8,12,0,8,2265521.8,7_10,47.05882352941176,70.58823529411765,0.0,47.05882352941176
Home Pride,0.0,0.0,3,1,2,0,0,96808.5,,33.33333333333333,66.66666666666666,0.0,0.0
Darrington High School,25.0,4.0,34,22,22,0,18,2891763.5,7_10,64.70588235294117,64.70588235294117,0.0,52.94117647058824
Davenport Senior High School,45.0,0.0,46,18,43,0,27,4675085.2,4_to_7,39.130434782608695,93.47826086956522,0.0,58.69565217391305
Dayton High School,26.0,0.0,28,13,24,0,10,2621473.8,7_10,46.42857142857143,85.71428571428571,0.0,35.714285714285715
Deer Park High School,151.0,10.0,158,84,139,0,76,8254860.0,below_2,53.16455696202531,87.9746835443038,0.0,48.10126582278481
East Valley High School,204.0,35.0,277,139,220,6,129,14691248.4,4_to_7,50.18050541516246,79.42238267148014,2.166064981949458,46.57039711191336
EV Online,8.0,12.0,13,10,12,0,6,748791.7,7_10,76.92307692307693,92.3076923076923,0.0,46.15384615384615
EV Parent Partnership,8.0,1.0,11,5,11,0,7,1864972.8,7_10,45.45454545454545,100.0,0.0,63.63636363636363
East Valley High School,199.0,16.0,224,123,129,12,105,11206092.3,4_to_7,54.91071428571429,57.58928571428571,5.357142857142857,46.875
Eastmont Senior High,407.0,60.0,523,280,259,48,276,18380167.5,2_to_4,53.53728489483748,49.521988527724666,9.177820267686425,52.77246653919694
Eatonville High School,132.0,4.0,144,70,118,0,57,7204173.1,below_2,48.61111111111111,81.94444444444444,0.0,39.58333333333333
ESD New Beginnings,3.0,5.0,5,3,5,0,2,71365.9,,60.0,100.0,0.0,40.0
Edmonds eLearning Academy,10.0,33.0,31,16,17,1,11,2772899.4,4_to_7,51.61290322580645,54.83870967741935,3.225806451612903,35.483870967741936
Edmonds Heights K-12,43.0,3.0,55,24,43,0,6,6321022.4,4_to_7,43.63636363636363,78.18181818181819,0.0,10.909090909090908
Edmonds Woodway High School,346.0,20.0,373,183,197,18,107,22867921.4,below_2,49.06166219839142,52.81501340482574,4.825737265415549,28.686327077747993
Lynnwood High School,281.0,31.0,336,170,126,39,153,19843749.7,2_to_4,50.595238095238095,37.5,11.607142857142858,45.535714285714285
Meadowdale High School,324.0,20.0,348,185,171,30,117,19816753.5,below_2,53.16091954022989,49.137931034482754,8.620689655172415,33.62068965517241
Mountlake Terrace High School,288.0,11.0,313,167,182,20,92,19167083.0,2_to_4,53.35463258785943,58.146964856230035,6.3897763578274756,29.39297124600639
Scriber Lake High School,25.0,23.0,107,63,57,7,60,5495243.5,4_to_7,58.87850467289719,53.271028037383175,6.5420560747663545,56.074766355140184
Ellensburg High School,225.0,9.0,244,116,194,15,84,12703442.7,2_to_4,47.540983606557376,79.50819672131148,6.147540983606557,34.42622950819672
K-12 Ellensburg Learning Center,7.0,1.0,15,7,10,1,11,469213.3,7_10,46.666666666666664,66.66666666666666,6.666666666666667,73.33333333333333
Elma High School,75.0,5.0,97,51,72,2,72,7926487.9,2_to_4,52.57731958762887,74.22680412371135,2.0618556701030926,74.22680412371135
Entiat Middle and High School,18.0,4.0,26,17,13,3,17,2697459.4,7_10,65.38461538461539,50.0,11.538461538461538,65.38461538461539
Enumclaw Sr High School,288.0,43.0,344,179,274,7,88,16737527.5,below_2,52.03488372093024,79.65116279069767,2.0348837209302326,25.581395348837212
Ephrata High School,180.0,6.0,198,103,133,14,109,9972367.3,2_to_4,52.02020202020202,67.17171717171718,7.07070707070707,55.05050505050505
Cascade High School,382.0,10.0,444,249,239,36,110,23698669.1,2_to_4,56.08108108108109,53.82882882882883,8.108108108108109,24.774774774774773
Everett High School,287.0,5.0,341,170,208,31,64,20569874.8,2_to_4,49.853372434017594,60.997067448680355,9.090909090909092,18.7683284457478
Everett Reengagement Academy,27.0,25.0,60,32,34,2,28,222260.8,below_2,53.333333333333336,56.666666666666664,3.3333333333333335,46.666666666666664
Henry M. Jackson High School,514.0,1.0,544,268,296,25,50,28484795.1,below_2,49.26470588235294,54.41176470588235,4.595588235294118,9.191176470588236
Port Gardner,0.0,0.0,14,8,12,1,1,1154050.0,7_10,57.14285714285714,85.71428571428571,7.142857142857142,7.142857142857142
Sequoia High School,52.0,15.0,75,30,38,5,34,5879560.3,4_to_7,40.0,50.66666666666667,6.666666666666667,45.33333333333333
Evergreen High School,363.0,31.0,438,204,254,33,245,21960201.0,4_to_7,46.57534246575342,57.99086757990868,7.534246575342466,55.93607305936074
Heritage High School,394.0,45.0,468,225,287,35,258,21147533.4,2_to_4,48.07692307692308,61.32478632478633,7.478632478632479,55.12820512820513
Legacy High School,61.0,20.0,84,41,58,3,44,4530610.4,2_to_4,48.80952380952381,69.04761904761905,3.571428571428571,52.38095238095239
Mountain View High School,471.0,11.0,509,276,261,35,206,21623688.2,below_2,54.223968565815326,51.277013752455794,6.8762278978389,40.47151277013752
Union High School,471.0,7.0,503,254,326,13,134,23705804.1,2_to_4,50.49701789264414,64.81113320079523,2.584493041749503,26.640159045725646
Career Academy at Truman High School,17.0,5.0,30,13,9,2,22,2017289.7,above_10,43.333333333333336,30.0,6.666666666666667,73.33333333333333
Decatur High School,289.0,20.0,339,179,123,30,173,18536814.0,below_2,52.8023598820059,36.283185840707965,8.849557522123893,51.03244837758112
Federal Way High School,333.0,39.0,372,176,72,43,231,22258224.1,7_10,47.31182795698925,19.35483870967742,11.559139784946236,62.096774193548384
Internet Academy,21.0,25.0,60,27,35,0,17,4380071.5,2_to_4,45.0,58.333333333333336,0.0,28.333333333333332
Open Doors Youth Reengagement (1418),22.0,47.0,258,129,55,38,152,3310022.5,below_2,50.0,21.31782945736434,14.728682170542637,58.91472868217055
Thomas Jefferson High School,411.0,33.0,455,226,120,62,247,22472058.0,2_to_4,49.67032967032967,26.373626373626376,13.626373626373626,54.285714285714285
Todd Beamer High School,323.0,25.0,372,181,121,38,191,20154022.6,4_to_7,48.655913978494624,32.526881720430104,10.21505376344086,51.344086021505376
Ferndale High School,295.0,40.0,380,188,244,11,144,19697202.0,below_2,49.473684210526315,64.21052631578948,2.8947368421052633,37.89473684210527
Fife High School,241.0,5.0,275,147,139,26,125,11608828.9,2_to_4,53.45454545454545,50.54545454545455,9.454545454545455,45.45454545454545
River View High School,51.0,12.0,81,53,40,10,65,4202154.1,4_to_7,65.4320987654321,49.382716049382715,12.345679012345679,80.24691358024691
Franklin Pierce High School,227.0,10.0,247,130,122,13,148,18230034.1,4_to_7,52.63157894736842,49.392712550607285,5.263157894736842,59.91902834008097
Gates Secondary School,59.0,8.0,61,30,24,2,53,3232801.7,4_to_7,49.18032786885246,39.34426229508197,3.278688524590164,86.88524590163934
Washington High School,207.0,13.0,235,115,85,11,191,15449552.3,4_to_7,48.93617021276596,36.17021276595745,4.680851063829787,81.27659574468085
Garfield at Palouse High School,9.0,1.0,10,6,8,0,2,153215.5,7_10,60.0,80.0,0.0,20.0
Goldendale High School,60.0,6.0,65,35,49,1,32,4544420.6,2_to_4,53.84615384615385,75.38461538461539,1.5384615384615385,49.23076923076923
Lake Roosevelt Alternative School,6.0,3.0,11,7,3,0,7,293456.1,7_10,63.63636363636363,27.27272727272727,0.0,63.63636363636363
Contract Learning Center,2.0,4.0,6,2,3,1,4,665308.3,7_10,33.33333333333333,50.0,16.666666666666664,66.66666666666666
Grandview High School,178.0,10.0,193,93,19,26,155,11980981.9,below_2,48.18652849740933,9.844559585492227,13.471502590673575,80.31088082901555
Granger High School,92.0,14.0,108,54,5,23,87,6621263.6,4_to_7,50.0,4.62962962962963,21.296296296296298,80.55555555555556
Crossroads High School,34.0,8.0,72,40,52,4,45,2633504.7,2_to_4,55.55555555555556,72.22222222222221,5.555555555555555,62.5
Granite Falls High School,95.0,8.0,117,58,96,2,38,7705492.0,4_to_7,49.572649572649574,82.05128205128204,1.7094017094017095,32.47863247863248
Highland High School,80.0,6.0,94,48,30,10,69,4723855.4,2_to_4,51.06382978723404,31.914893617021278,10.638297872340425,73.40425531914893
Evergreen High School,174.0,10.0,247,124,26,61,178,14110709.7,2_to_4,50.20242914979757,10.526315789473683,24.696356275303643,72.06477732793523
Highline High School,222.0,28.0,298,154,55,53,192,15495513.8,2_to_4,51.67785234899329,18.456375838926174,17.78523489932886,64.42953020134227
Highline Open Doors 1418,18.0,128.0,287,135,71,53,97,5731980.8,below_2,47.038327526132406,24.738675958188153,18.466898954703833,33.79790940766551
Mount Rainier High School,320.0,13.0,403,205,139,40,220,20816380.1,below_2,50.86848635235732,34.49131513647642,9.925558312655088,54.59057071960298
New Start,14.0,12.0,58,34,9,15,45,3300652.7,above_10,58.620689655172406,15.517241379310345,25.862068965517242,77.58620689655173
Tyee High School,163.0,19.0,254,131,33,74,193,14109657.9,below_2,51.574803149606296,12.992125984251967,29.133858267716533,75.98425196850394
Hockinson High School,141.0,6.0,152,86,140,1,21,7564511.9,below_2,56.57894736842105,92.10526315789474,0.6578947368421052,13.815789473684212
Hoquiam High School,93.0,5.0,112,61,84,0,57,7385948.2,4_to_7,54.46428571428571,75.0,0.0,50.89285714285714
Inchelium High School,10.0,3.0,17,9,0,4,13,1798514.6,7_10,52.94117647058824,0.0,23.52941176470588,76.47058823529412
Gibson Ek High School,16.0,2.0,18,9,12,0,0,3139400.0,7_10,50.0,66.66666666666666,0.0,0.0
Issaquah High School,533.0,34.0,599,320,352,18,51,30322946.0,below_2,53.42237061769616,58.764607679465776,3.005008347245409,8.514190317195327
Liberty Sr High School,286.0,19.0,328,176,205,8,27,19330838.5,below_2,53.65853658536586,62.5,2.4390243902439024,8.231707317073171
Skyline High School,467.0,17.0,516,283,279,8,21,27726462.6,below_2,54.84496124031008,54.06976744186046,1.550387596899225,4.069767441860465
Kalama High School,60.0,3.0,79,47,66,0,25,4691576.2,2_to_4,59.49367088607595,83.54430379746836,0.0,31.645569620253166
Kelso High School,329.0,31.0,443,237,322,15,228,20759906.9,2_to_4,53.49887133182845,72.686230248307,3.3860045146726865,51.46726862302483
Loowit High School,2.0,6.0,13,6,12,2,9,53101.0,above_10,46.15384615384615,92.3076923076923,15.384615384615385,69.23076923076923
Kamiakin High School,348.0,13.0,440,232,270,17,157,20803469.8,below_2,52.72727272727272,61.36363636363637,3.8636363636363633,35.68181818181818
Kennewick High School,313.0,33.0,367,201,152,47,246,20768173.5,4_to_7,54.76839237057221,41.41689373297003,12.806539509536785,67.0299727520436
Legacy High School,19.0,96.0,102,52,55,3,64,4850272.9,2_to_4,50.98039215686274,53.92156862745098,2.941176470588235,62.745098039215684
Mid-Columbia Parent Partnership,14.0,3.0,20,10,19,0,6,2354549.3,7_10,50.0,95.0,0.0,30.0
Phoenix High School,6.0,2.0,23,10,13,3,18,972648.2,above_10,43.47826086956522,56.52173913043478,13.043478260869565,78.26086956521739
Southridge High School,337.0,30.0,415,215,243,33,193,19881427.3,4_to_7,51.80722891566265,58.554216867469876,7.951807228915662,46.50602409638554
Individualized Graduation & Degree Program,3.0,153.0,273,141,91,23,143,2797102.6,below_2,51.64835164835166,33.33333333333333,8.424908424908425,52.38095238095239
Kent-Meridian High School,350.0,65.0,457,220,83,100,317,25447575.1,below_2,48.14004376367615,18.161925601750546,21.88183807439825,69.36542669584244
Kent Phoenix Academy,48.0,14.0,122,61,39,3,69,4199447.2,4_to_7,50.0,31.967213114754102,2.459016393442623,56.557377049180324
Kentlake High School,284.0,39.0,372,199,204,30,132,18208831.1,2_to_4,53.494623655913976,54.83870967741935,8.064516129032258,35.483870967741936
Kentridge High School,451.0,32.0,527,267,189,31,159,24919240.9,below_2,50.664136622390885,35.86337760910816,5.88235294117647,30.170777988614798
Kentwood High School,414.0,20.0,461,244,168,20,188,24073766.4,below_2,52.92841648590022,36.44251626898048,4.3383947939262475,40.780911062906725
Columbia Virtual Academy - Kettle Falls,27.0,18.0,57,31,40,0,21,1929815.0,4_to_7,54.385964912280706,70.17543859649122,0.0,36.84210526315789
Kettle Falls High School,47.0,1.0,48,26,44,0,25,3911723.1,7_10,54.166666666666664,91.66666666666666,0.0,52.083333333333336
Kiona-Benton City High School,98.0,9.0,110,56,62,18,73,5837320.7,2_to_4,50.90909090909091,56.36363636363636,16.363636363636363,66.36363636363637
Kittitas High School,38.0,1.0,45,23,35,1,17,5252637.0,4_to_7,51.11111111111111,77.77777777777779,2.2222222222222223,37.77777777777778
La Center High School,124.0,10.0,132,68,119,0,19,6837707.4,below_2,51.515151515151516,90.15151515151516,0.0,14.393939393939394
La Conner High School,35.0,6.0,42,22,21,1,21,4502267.2,4_to_7,52.38095238095239,50.0,2.380952380952381,50.0
Chelan High School,115.0,2.0,118,72,56,8,70,6591064.8,2_to_4,61.016949152542374,47.45762711864407,6.779661016949152,59.32203389830508
Lake Stevens Sr High School,581.0,31.0,686,371,498,10,160,24820492.9,4_to_7,54.08163265306123,72.59475218658892,1.4577259475218658,23.323615160349853
Eastlake High School,385.0,14.0,423,209,289,5,17,25582660.1,below_2,49.40898345153664,68.32151300236407,1.1820330969267139,4.0189125295508275
Emerson High School,8.0,2.0,20,11,14,0,6,1928718.3,7_10,55.00000000000001,70.0,0.0,30.0
Futures School,36.0,2.0,29,14,16,1,8,958467.3,4_to_7,48.275862068965516,55.172413793103445,3.4482758620689653,27.586206896551722
Juanita High School,300.0,17.0,329,163,181,11,72,19684433.1,below_2,49.544072948328264,55.01519756838906,3.343465045592705,21.88449848024316
Lake Washington High School,356.0,12.0,425,228,283,16,64,22172239.5,below_2,53.64705882352941,66.58823529411765,3.7647058823529407,15.058823529411763
Redmond High School,431.0,14.0,464,234,255,12,54,26031953.2,below_2,50.43103448275862,54.956896551724135,2.586206896551724,11.637931034482758
Lakewood High School,140.0,17.0,169,86,116,2,54,9559830.4,2_to_4,50.887573964497044,68.63905325443787,1.183431952662722,31.952662721893493
Lind-Ritzville High School,9.0,1.0,10,5,5,0,6,908612.7,7_10,50.0,50.0,0.0,60.0
Discovery High School,39.0,18.0,65,29,39,2,46,1465406.6,2_to_4,44.61538461538462,60.0,3.076923076923077,70.76923076923077
Mark Morris High School,185.0,12.0,211,103,150,7,78,12691833.6,4_to_7,48.81516587677725,71.09004739336493,3.3175355450236967,36.96682464454976
R A Long High School,189.0,4.0,215,115,153,8,107,11518289.9,below_2,53.48837209302325,71.16279069767441,3.7209302325581395,49.76744186046512
Lopez Middle High School,11.0,2.0,11,1,6,2,2,2076167.6,7_10,9.090909090909092,54.54545454545454,18.181818181818183,18.181818181818183
Lummi Nation School,12.0,1.0,22,15,1,0,20,5408890.1,7_10,68.18181818181817,4.545454545454546,0.0,90.9090909090909
Lyle High School,15.0,7.0,21,11,14,0,12,1614286.3,7_10,52.38095238095239,66.66666666666666,0.0,57.14285714285714
IMPACT Reengagement Program,0.0,0.0,1,1,1,0,1,40043.2,,100.0,100.0,0.0,100.0
Lynden High School,193.0,23.0,251,120,177,10,89,11208135.3,2_to_4,47.808764940239044,70.5179282868526,3.9840637450199203,35.45816733067729
Mabton Jr. Sr. High,48.0,6.0,51,27,0,15,48,5511381.9,4_to_7,52.94117647058824,0.0,29.411764705882355,94.11764705882352
Manson High School,46.0,4.0,47,23,17,9,37,3224972.4,4_to_7,48.93617021276596,36.17021276595745,19.148936170212767,78.72340425531915
Mary M. Knight School,9.0,2.0,11,6,11,0,7,3447610.7,7_10,54.54545454545454,100.0,0.0,63.63636363636363
Mary Walker High School,33.0,7.0,39,18,27,0,27,2624668.1,4_to_7,46.15384615384615,69.23076923076923,0.0,69.23076923076923
Heritage School,4.0,9.0,21,7,1,5,17,2308352.6,above_10,33.33333333333333,4.761904761904762,23.809523809523807,80.95238095238095
Legacy High School,60.0,9.0,95,38,59,2,43,4110645.8,7_10,40.0,62.10526315789474,2.1052631578947367,45.26315789473684
Marysville Getchell High School,345.0,38.0,410,198,222,23,136,20908341.5,below_2,48.292682926829265,54.146341463414636,5.609756097560976,33.170731707317074
Marysville Pilchuck High School,222.0,40.0,270,139,156,11,114,18540007.6,4_to_7,51.48148148148148,57.77777777777777,4.074074074074074,42.22222222222222
Mead Alternative High School (Closed after 2018-2019 school year),20.0,3.0,37,19,34,0,25,1445889.8,4_to_7,51.35135135135135,91.8918918918919,0.0,67.56756756756756
Mead Senior High School,381.0,5.0,442,222,366,7,107,21465276.3,2_to_4,50.2262443438914,82.80542986425338,1.583710407239819,24.20814479638009
Mt Spokane High School,344.0,5.0,385,199,309,26,114,20161059.2,below_2,51.688311688311686,80.25974025974027,6.753246753246753,29.61038961038961
Medical Lake Endeavors,6.0,3.0,11,8,9,0,5,616017.8,7_10,72.72727272727273,81.81818181818183,0.0,45.45454545454545
Medical Lake High School,127.0,3.0,130,79,105,0,32,6925955.6,below_2,60.76923076923077,80.76923076923077,0.0,24.615384615384617
Mercer Island High School,382.0,14.0,402,219,280,1,23,21636113.2,below_2,54.47761194029851,69.65174129353234,0.24875621890547264,5.721393034825871
Meridian High School,114.0,12.0,137,66,95,3,51,6511440.9,below_2,48.175182481751825,69.34306569343066,2.18978102189781,37.22627737226277
Leaders In Learning,15.0,7.0,31,15,17,2,23,1262720.8,above_10,48.38709677419355,54.83870967741935,6.451612903225806,74.19354838709677
Monroe High School,325.0,24.0,403,201,285,20,121,22437881.5,2_to_4,49.87593052109181,70.71960297766749,4.962779156327544,30.024813895781637
Sky Valley Education Center,54.0,4.0,70,27,57,0,5,7631862.9,2_to_4,38.57142857142858,81.42857142857143,0.0,7.142857142857142
Montesano Jr-Sr High,48.0,3.0,80,42,57,4,27,8722658.6,2_to_4,52.5,71.25,5.0,33.75
Morton Junior-Senior High,18.0,4.0,22,14,17,0,13,2627476.0,7_10,63.63636363636363,77.27272727272727,0.0,59.09090909090909
Moses Lake High School,395.0,53.0,520,252,270,30,253,29347106.3,2_to_4,48.46153846153846,51.92307692307693,5.769230769230769,48.65384615384615
Skill Source Reingagement Program,24.0,66.0,114,50,51,5,85,313641.9,below_2,43.859649122807014,44.73684210526316,4.385964912280701,74.56140350877193
White Swan High School,40.0,16.0,56,24,3,18,55,6834589.4,7_10,42.857142857142854,5.357142857142857,32.142857142857146,98.21428571428571
Mount Baker Senior High,114.0,23.0,147,86,117,5,68,9177814.6,2_to_4,58.50340136054422,79.59183673469387,3.4013605442176873,46.25850340136054
Mount Vernon High School,394.0,68.0,500,251,196,41,281,25728093.3,2_to_4,50.2,39.2,8.200000000000001,56.2
Skagit Academy,17.0,0.0,21,11,19,0,3,2660001.8,7_10,52.38095238095239,90.47619047619048,0.0,14.285714285714285
Muckleshoot Tribal School,31.0,7.0,50,26,1,0,22,5739492.5,4_to_7,52.0,2.0,0.0,44.0
ACES High School,43.0,13.0,86,40,34,6,56,3093169.5,4_to_7,46.51162790697674,39.53488372093023,6.976744186046512,65.11627906976744
Kamiak High School,434.0,17.0,498,272,279,15,91,25642177.5,2_to_4,54.61847389558233,56.024096385542165,3.0120481927710845,18.27309236947791
Mariner High School,394.0,49.0,518,276,149,90,327,30398683.8,2_to_4,53.28185328185329,28.764478764478763,17.374517374517374,63.12741312741312
Mukilteo Reengagement Academy Open Doors,4.0,17.0,29,16,7,3,9,72310.6,2_to_4,55.172413793103445,24.137931034482758,10.344827586206897,31.03448275862069
Naches Valley High School,89.0,5.0,98,52,75,1,40,4967638.0,2_to_4,53.06122448979592,76.53061224489795,1.0204081632653061,40.816326530612244
Napavine Jr Sr High School,54.0,1.0,65,41,52,0,27,4926793.6,2_to_4,63.07692307692307,80.0,0.0,41.53846153846154
Newport High School,57.0,9.0,70,36,65,0,27,5089212.3,2_to_4,51.42857142857142,92.85714285714286,0.0,38.57142857142858
Pend Oreille River School,16.0,4.0,24,13,15,0,18,276838.7,7_10,54.166666666666664,62.5,0.0,75.0
Lakeside High School,107.0,5.0,112,55,94,0,29,6054794.6,2_to_4,49.107142857142854,83.92857142857143,0.0,25.892857142857146
Nooksack Valley High School,82.0,15.0,114,53,70,9,55,5938582.2,2_to_4,46.49122807017544,61.40350877192983,7.894736842105263,48.24561403508772
North Beach Senior High School,35.0,6.0,46,23,32,0,33,3224893.2,7_10,50.0,69.56521739130434,0.0,71.73913043478261
Palouse Junction High School,12.0,2.0,18,11,1,7,14,595383.5,7_10,61.111111111111114,5.555555555555555,38.88888888888889,77.77777777777779
Kingston High School,181.0,6.0,202,111,143,5,59,10007445.8,4_to_7,54.95049504950495,70.79207920792079,2.4752475247524752,29.207920792079207
North Kitsap High School,288.0,4.0,315,152,226,7,66,15082874.0,2_to_4,48.25396825396825,71.74603174603175,2.2222222222222223,20.952380952380953
James A. Taylor High School,5.0,5.0,23,14,15,2,18,842831.5,7_10,60.86956521739131,65.21739130434783,8.695652173913043,78.26086956521739
North Mason Senior High School,148.0,17.0,182,107,136,12,77,9958888.6,4_to_7,58.791208791208796,74.72527472527473,6.593406593406594,42.30769230769231
North Thurston High School,265.0,25.0,330,164,179,20,116,16885582.4,2_to_4,49.696969696969695,54.24242424242425,6.0606060606060606,35.15151515151515
River Ridge High School,280.0,19.0,330,177,144,14,136,16483352.8,below_2,53.63636363636364,43.63636363636363,4.242424242424243,41.21212121212121
South Sound High School,48.0,12.0,123,56,63,7,85,3504791.2,above_10,45.52845528455284,51.21951219512195,5.691056910569105,69.10569105691057
Timberline High School,337.0,9.0,386,186,215,7,146,17936717.8,2_to_4,48.18652849740933,55.69948186528497,1.8134715025906734,37.82383419689119
Northport High School,13.0,2.0,14,7,11,0,10,1253488.5,above_10,50.0,78.57142857142857,0.0,71.42857142857143
Bothell High School,280.0,16.0,336,170,201,13,62,20067979.6,2_to_4,50.595238095238095,59.82142857142857,3.869047619047619,18.452380952380953
Inglemoor HS,412.0,8.0,445,223,264,19,69,22492601.8,2_to_4,50.112359550561806,59.325842696629216,4.269662921348314,15.505617977528091
North Creek High School,313.0,7.0,324,166,169,15,48,21652052.3,below_2,51.23456790123457,52.160493827160494,4.62962962962963,14.814814814814813
Northshore Networks,26.0,4.0,52,26,40,1,0,1966478.8,4_to_7,50.0,76.92307692307693,1.9230769230769231,0.0
Northshore Online Reengagement Program,5.0,4.0,22,16,16,0,0,42240.5,7_10,72.72727272727273,72.72727272727273,0.0,0.0
Secondary Academy for Success,36.0,4.0,48,18,26,1,22,2273934.4,4_to_7,37.5,54.166666666666664,2.083333333333333,45.83333333333333
Woodinville HS,429.0,10.0,465,229,318,8,47,22567744.4,below_2,49.24731182795699,68.38709677419355,1.7204301075268817,10.10752688172043
Oak Harbor High School,328.0,17.0,402,209,234,26,153,20537284.8,below_2,51.99004975124378,58.2089552238806,6.467661691542288,38.059701492537314
Oakville High School,11.0,3.0,13,8,8,4,10,2070972.4,7_10,61.53846153846154,61.53846153846154,30.76923076923077,76.92307692307693
Ilwaco High School,54.0,2.0,52,25,43,1,23,4673320.8,4_to_7,48.07692307692308,82.6923076923077,1.9230769230769231,44.230769230769226
Ocosta Junior - Senior High,50.0,7.0,59,26,40,3,44,5104641.1,4_to_7,44.06779661016949,67.79661016949152,5.084745762711865,74.57627118644068
Odessa High School,14.0,0.0,14,6,12,0,7,2207813.0,7_10,42.857142857142854,85.71428571428571,0.0,50.0
Okanogan Alternative High School,7.0,8.0,10,4,4,2,10,45812.5,7_10,40.0,40.0,20.0,100.0
Okanogan Outreach Alternative School,19.0,19.0,25,13,9,1,21,696151.8,4_to_7,52.0,36.0,4.0,84.0
Avanti High School,34.0,1.0,59,24,48,0,24,2023384.9,4_to_7,40.67796610169492,81.35593220338984,0.0,40.67796610169492
Capital High School,298.0,14.0,340,180,232,9,97,17326453.2,below_2,52.94117647058824,68.23529411764706,2.6470588235294117,28.52941176470588
Olympia High School,414.0,16.0,486,246,340,10,101,21898867.8,below_2,50.617283950617285,69.95884773662551,2.05761316872428,20.781893004115226
Olympia Regional Learning Academy,11.0,2.0,26,13,19,0,5,3983312.0,7_10,50.0,73.07692307692307,0.0,19.230769230769234
Omak High School,80.0,12.0,94,50,40,4,55,6925402.2,2_to_4,53.191489361702125,42.5531914893617,4.25531914893617,58.51063829787234
Washington Virtual Academy Omak High School,123.0,8.0,207,83,171,2,61,10782669.4,below_2,40.09661835748793,82.6086956521739,0.966183574879227,29.468599033816425
Orcas Island High School,28.0,0.0,34,17,25,3,11,2436017.8,7_10,50.0,73.52941176470588,8.823529411764707,32.35294117647059
Oroville Middle-High School,32.0,5.0,32,21,16,3,23,4236891.0,7_10,65.625,50.0,9.375,71.875
Orting High School,204.0,10.0,231,113,171,0,85,10283007.8,7_10,48.917748917748916,74.02597402597402,0.0,36.79653679653679
Desert Oasis High School,11.0,7.0,26,16,1,9,24,967053.4,7_10,61.53846153846154,3.8461538461538463,34.61538461538461,92.3076923076923
Othello High School,217.0,20.0,242,109,20,58,198,13985098.0,2_to_4,45.04132231404959,8.264462809917356,23.96694214876033,81.81818181818183
Chiawana Senior High School,543.0,40.0,696,352,217,117,405,36481816.1,below_2,50.57471264367817,31.178160919540232,16.810344827586206,58.189655172413794
New Horizons High School,31.0,54.0,196,110,21,47,159,4012085.7,7_10,56.12244897959183,10.714285714285714,23.97959183673469,81.12244897959184
Pasco Senior High School,444.0,46.0,557,280,88,131,395,29619811.1,2_to_4,50.269299820466784,15.798922800718133,23.518850987432675,70.91561938958706
Pe Ell School,17.0,1.0,21,13,15,0,9,4942885.9,7_10,61.904761904761905,71.42857142857143,0.0,42.857142857142854
Gig Harbor High,372.0,23.0,446,224,343,14,68,18982511.0,2_to_4,50.224215246636774,76.90582959641256,3.1390134529147984,15.246636771300448
Henderson Bay Alt High School,14.0,15.0,79,42,65,0,24,3784450.4,2_to_4,53.16455696202531,82.27848101265823,0.0,30.37974683544304
Peninsula High School,278.0,25.0,345,174,261,9,107,19330709.9,below_2,50.43478260869565,75.65217391304347,2.608695652173913,31.01449275362319
Lincoln High School,10.0,18.0,36,17,25,0,27,1451494.2,7_10,47.22222222222222,69.44444444444444,0.0,75.0
Port Angeles High School,231.0,22.0,260,127,198,9,101,15458937.1,below_2,48.84615384615385,76.15384615384615,3.4615384615384617,38.84615384615385
Port Townsend High School,66.0,7.0,86,46,69,3,43,4985321.6,4_to_7,53.48837209302325,80.23255813953489,3.488372093023256,50.0
Prosser High School,192.0,17.0,247,125,79,18,145,10926645.1,below_2,50.607287449392715,31.983805668016196,7.28744939271255,58.70445344129555
Pullman High School,191.0,9.0,207,108,141,2,51,10152913.1,below_2,52.17391304347826,68.11594202898551,0.966183574879227,24.637681159420293
E B Walker High School,36.0,18.0,50,28,28,3,36,2418544.4,above_10,56.00000000000001,56.00000000000001,6.0,72.0
Emerald Ridge High School,450.0,28.0,512,269,323,14,146,18853846.0,2_to_4,52.5390625,63.0859375,2.734375,28.515625
Gov John Rogers High School,530.0,37.0,620,337,339,22,207,20973329.6,2_to_4,54.35483870967742,54.677419354838705,3.5483870967741935,33.387096774193544
Puyallup High School,526.0,33.0,620,329,405,14,191,21731757.4,4_to_7,53.064516129032256,65.32258064516128,2.258064516129032,30.806451612903224
Puyallup Online Academy/POA,28.0,20.0,53,22,40,1,20,2518637.7,2_to_4,41.509433962264154,75.47169811320755,1.8867924528301887,37.735849056603776
Forks High School,64.0,9.0,77,47,46,3,41,7029091.6,2_to_4,61.038961038961034,59.74025974025974,3.896103896103896,53.246753246753244
Insight School of Washington,238.0,373.0,843,346,556,19,410,22088493.7,below_2,41.04389086595492,65.95492289442467,2.2538552787663106,48.63582443653618
Quincy High School,161.0,21.0,186,92,25,34,152,11458860.9,2_to_4,49.46236559139785,13.440860215053762,18.27956989247312,81.72043010752688
Quincy Innovation Academy,5.0,16.0,15,8,3,2,14,932919.8,7_10,53.333333333333336,20.0,13.333333333333334,93.33333333333333
Rainier Senior High School,56.0,3.0,59,28,53,0,19,3924158.4,4_to_7,47.45762711864407,89.83050847457628,0.0,32.20338983050847
Hazen Senior High School,380.0,48.0,429,226,163,24,138,21635607.1,2_to_4,52.680652680652685,37.995337995338,5.594405594405594,32.16783216783217
Lindbergh Senior High School,235.0,22.0,289,150,85,20,129,17036801.4,2_to_4,51.903114186851205,29.411764705882355,6.920415224913495,44.636678200692046
Renton Academy,0.0,0.0,1,1,1,0,1,2599243.6,,100.0,100.0,0.0,100.0
Renton Senior High School,268.0,24.0,307,151,33,27,189,17451826.6,2_to_4,49.185667752442995,10.749185667752444,8.794788273615636,61.563517915309454
Talley High School,35.0,39.0,191,109,47,9,121,5099828.1,4_to_7,57.06806282722513,24.60732984293194,4.712041884816754,63.35078534031413
Republic Senior High School,13.0,4.0,16,7,14,0,8,1745288.7,7_10,43.75,87.5,0.0,50.0
Hanford High School,452.0,17.0,527,292,393,24,119,25741357.9,below_2,55.40796963946869,74.573055028463,4.554079696394687,22.58064516129032
Richland High School,374.0,7.0,465,239,359,17,145,23785000.0,below_2,51.3978494623656,77.20430107526882,3.655913978494624,31.182795698924732
Rivers Edge High School,22.0,29.0,127,69,91,4,83,3083992.9,below_2,54.330708661417326,71.65354330708661,3.149606299212598,65.35433070866141
Three Rivers Home Link,10.0,1.0,17,9,14,0,5,4870978.8,7_10,52.94117647058824,82.35294117647058,0.0,29.411764705882355
Ridgefield High School,171.0,5.0,212,112,165,7,51,8899025.3,2_to_4,52.83018867924528,77.83018867924528,3.30188679245283,24.056603773584907
Ritzville High School,25.0,6.0,30,13,26,0,12,2174991.8,7_10,43.333333333333336,86.66666666666667,0.0,40.0
Riverside High School,93.0,14.0,104,51,97,2,51,6227492.9,2_to_4,49.03846153846153,93.26923076923077,1.9230769230769231,49.03846153846153
Cedarcrest High School,211.0,12.0,245,123,203,0,30,12703421.2,below_2,50.204081632653065,82.85714285714286,0.0,12.244897959183673
CLIP,11.0,4.0,18,10,17,0,11,492861.2,7_10,55.55555555555556,94.44444444444444,0.0,61.111111111111114
H.e.a.r.t. High School,11.0,7.0,25,11,12,0,11,789596.4,7_10,44.0,48.0,0.0,44.0
Rochester High School,130.0,9.0,178,104,127,5,85,8309901.5,4_to_7,58.42696629213483,71.34831460674157,2.8089887640449436,47.752808988764045
Royal High School,103.0,12.0,125,68,21,28,88,6584430.0,2_to_4,54.400000000000006,16.8,22.400000000000002,70.39999999999999
Friday Harbor High School,56.0,4.0,63,30,47,1,19,4483599.8,4_to_7,47.61904761904761,74.60317460317461,1.5873015873015872,30.158730158730158
Alan T. Sugiyama High School,9.0,10.0,28,15,0,6,27,2165373.0,7_10,53.57142857142857,0.0,21.428571428571427,96.42857142857143
Ballard High School,423.0,26.0,469,234,348,10,51,28296710.2,below_2,49.89339019189765,74.20042643923242,2.1321961620469083,10.874200426439232
Chief Sealth International High School,218.0,26.0,269,145,65,49,176,17234856.9,below_2,53.90334572490706,24.1635687732342,18.21561338289963,65.4275092936803
Cleveland High School STEM,204.0,3.0,219,108,17,15,123,14843269.4,below_2,49.31506849315068,7.76255707762557,6.8493150684931505,56.16438356164384
Franklin High School,253.0,18.0,323,165,33,61,211,19591066.4,below_2,51.08359133126935,10.21671826625387,18.885448916408667,65.3250773993808
Garfield High School,383.0,51.0,441,208,183,33,139,23894345.8,below_2,47.16553287981859,41.49659863945578,7.482993197278912,31.519274376417233
Ingraham High School,269.0,18.0,325,186,175,39,95,21830604.1,below_2,57.230769230769226,53.84615384615385,12.0,29.230769230769234
Interagency Programs,42.0,36.0,231,130,20,22,181,11422929.5,below_2,56.27705627705628,8.658008658008658,9.523809523809524,78.35497835497836
Middle College High School,12.0,10.0,28,14,15,2,8,1912665.3,7_10,50.0,53.57142857142857,7.142857142857142,28.57142857142857
Nathan Hale High School,234.0,11.0,290,149,152,26,102,19394582.0,2_to_4,51.37931034482759,52.41379310344828,8.96551724137931,35.172413793103445
Nova High School,56.0,7.0,121,51,82,0,37,4605111.9,below_2,42.14876033057851,67.76859504132231,0.0,30.57851239669421
Rainier Beach High School,174.0,11.0,218,137,4,48,177,12712126.3,4_to_7,62.84403669724771,1.834862385321101,22.018348623853214,81.19266055045871
Roosevelt High School,405.0,17.0,443,222,299,13,61,28071720.1,below_2,50.112866817155755,67.49435665914221,2.9345372460496613,13.769751693002258
Seattle World School,8.0,36.0,67,37,3,59,60,6278745.7,2_to_4,55.223880597014926,4.477611940298507,88.05970149253731,89.55223880597015
The Center School,42.0,5.0,49,14,33,0,2,4033210.4,4_to_7,28.57142857142857,67.3469387755102,0.0,4.081632653061225
West Seattle High School,206.0,17.0,234,112,130,14,49,15628675.8,below_2,47.863247863247864,55.55555555555556,5.982905982905983,20.94017094017094
Sedro Woolley Senior High School,270.0,11.0,313,160,216,19,142,16696782.8,2_to_4,51.118210862619804,69.00958466453673,6.070287539936102,45.367412140575084
State Street High School,30.0,55.0,147,94,103,7,83,2743915.5,2_to_4,63.94557823129252,70.06802721088435,4.761904761904762,56.4625850340136
Selah Academy Online,4.0,26.0,42,12,32,3,27,1161151.3,2_to_4,28.57142857142857,76.19047619047619,7.142857142857142,64.28571428571429
Selah High School,230.0,24.0,280,158,194,16,112,12725174.7,4_to_7,56.42857142857143,69.28571428571428,5.714285714285714,40.0
Sequim Senior High,187.0,14.0,222,112,163,1,85,12165953.6,below_2,50.45045045045045,73.42342342342343,0.45045045045045046,38.288288288288285
Choice Middle and High School,32.0,21.0,117,66,72,11,81,4000181.5,below_2,56.41025641025641,61.53846153846154,9.401709401709402,69.23076923076923
Shelton High School,255.0,13.0,312,191,196,23,178,15695529.9,below_2,61.21794871794872,62.82051282051282,7.371794871794872,57.05128205128205
Fircrest Residential Habilitation,0.0,0.0,3,3,2,0,3,91703.9,,100.0,66.66666666666666,0.0,100.0
Shorecrest High School,300.0,20.0,350,165,174,20,111,22268353.0,4_to_7,47.14285714285714,49.714285714285715,5.714285714285714,31.71428571428571
Shorewood High School,358.0,22.0,437,234,219,17,157,25516459.8,4_to_7,53.546910755148744,50.11441647597255,3.8901601830663615,35.92677345537758
AIM High School,21.0,6.0,92,55,76,2,28,2721900.3,4_to_7,59.78260869565217,82.6086956521739,2.1739130434782608,30.434782608695656
Glacier Peak High School,396.0,7.0,417,202,324,3,45,23345808.9,4_to_7,48.44124700239808,77.6978417266187,0.7194244604316548,10.79136690647482
Snohomish High School,364.0,26.0,435,230,351,3,91,23108668.2,2_to_4,52.87356321839081,80.6896551724138,0.6896551724137931,20.919540229885058
Mount Si High School,406.0,7.0,464,248,389,2,42,23592302.2,2_to_4,53.44827586206896,83.83620689655173,0.43103448275862066,9.051724137931034
Two Rivers School,17.0,1.0,36,21,30,0,8,2162588.8,4_to_7,58.333333333333336,83.33333333333334,0.0,22.22222222222222
Soap Lake Middle & High School,24.0,2.0,36,21,25,1,23,4330419.3,7_10,58.333333333333336,69.44444444444444,2.7777777777777777,63.888888888888886
South Bend High School,45.0,2.0,45,22,27,3,25,4678639.9,4_to_7,48.888888888888886,60.0,6.666666666666667,55.55555555555556
Discovery,33.0,18.0,104,53,71,2,64,2822072.3,below_2,50.96153846153846,68.26923076923077,1.9230769230769231,61.53846153846154
Explorer Academy,17.0,7.0,33,18,26,0,15,2157396.8,4_to_7,54.54545454545454,78.78787878787878,0.0,45.45454545454545
South Kitsap High School,565.0,23.0,639,317,428,12,180,36246011.0,below_2,49.60876369327074,66.97965571205008,1.8779342723004695,28.169014084507044
South Whidbey Academy,13.0,1.0,17,9,17,0,7,1509781.3,7_10,52.94117647058824,100.0,0.0,41.17647058823529
South Whidbey High School,93.0,4.0,105,53,85,1,20,6668961.2,2_to_4,50.476190476190474,80.95238095238095,0.9523809523809524,19.047619047619047
Ferris High School,332.0,14.0,394,205,286,31,153,23039162.4,2_to_4,52.03045685279187,72.58883248730965,7.868020304568528,38.83248730964467
Lewis & Clark High School,393.0,29.0,464,227,311,28,162,23466456.5,2_to_4,48.922413793103445,67.02586206896551,6.0344827586206895,34.91379310344828
North Central High School,271.0,12.0,294,142,209,23,147,20569838.1,below_2,48.29931972789115,71.08843537414967,7.8231292517006805,50.0
On Track Academy,228.0,7.0,197,92,146,2,137,5436957.3,below_2,46.7005076142132,74.11167512690355,1.015228426395939,69.54314720812182
Pratt Academy,3.0,9.0,15,13,10,0,11,3065116.4,above_10,86.66666666666667,66.66666666666666,0.0,73.33333333333333
Rogers High School,287.0,29.0,337,182,189,27,253,21600063.8,7_10,54.00593471810089,56.083086053412465,8.011869436201781,75.07418397626114
Shadle Park High School,245.0,21.0,291,160,210,7,142,18344411.8,2_to_4,54.98281786941581,72.16494845360825,2.405498281786942,48.797250859106526
Lincoln Hill High School,27.0,17.0,49,27,41,0,14,2153157.3,4_to_7,55.10204081632652,83.6734693877551,0.0,28.57142857142857
Stanwood High School,273.0,14.0,332,168,290,8,68,17634578.3,2_to_4,50.602409638554214,87.34939759036145,2.4096385542168677,20.481927710843372
Steilacoom High,197.0,8.0,220,117,132,4,41,12868290.0,4_to_7,53.18181818181819,60.0,1.8181818181818181,18.636363636363637
Stevenson High School,62.0,12.0,78,41,60,3,36,4278718.7,2_to_4,52.56410256410257,76.92307692307693,3.8461538461538463,46.15384615384615
Sultan Senior High School,92.0,5.0,113,63,81,4,55,8009942.5,below_2,55.75221238938053,71.68141592920354,3.5398230088495577,48.67256637168141
Summit Public School: Olympus,66.0,13.0,63,38,13,8,41,3684157.2,2_to_4,60.317460317460316,20.634920634920633,12.698412698412698,65.07936507936508
Summit Public School: Sierra,86.0,10.0,102,49,29,7,46,5622589.1,2_to_4,48.03921568627451,28.431372549019606,6.862745098039216,45.09803921568628
Bonney Lake High School,289.0,20.0,343,153,256,8,96,19469467.1,2_to_4,44.606413994169095,74.63556851311954,2.3323615160349855,27.988338192419825
Sumner High School,419.0,28.0,487,270,374,8,108,21529491.8,2_to_4,55.441478439425055,76.79671457905543,1.642710472279261,22.176591375770023
Sunnyside High School,450.0,42.0,512,247,31,73,402,25818076.1,7_10,48.2421875,6.0546875,14.2578125,78.515625
Chief Kitsap Academy,13.0,4.0,12,6,2,0,8,2168734.5,7_10,50.0,16.666666666666664,0.0,66.66666666666666
Foss,137.0,15.0,157,89,55,24,100,12172232.3,2_to_4,56.68789808917197,35.03184713375796,15.286624203821656,63.69426751592356
Lincoln,283.0,43.0,330,168,60,31,240,22177553.4,4_to_7,50.90909090909091,18.181818181818183,9.393939393939393,72.72727272727273
Mt Tahoma,274.0,19.0,327,168,77,43,230,20028154.2,4_to_7,51.37614678899083,23.547400611620795,13.149847094801222,70.33639143730886
Oakland High School,30.0,12.0,52,14,15,4,44,3519546.9,above_10,26.923076923076923,28.846153846153843,7.6923076923076925,84.61538461538461
Stadium,315.0,15.0,363,180,200,20,109,19903508.6,4_to_7,49.586776859504134,55.09641873278237,5.5096418732782375,30.02754820936639
Tacoma Open Doors,8.0,119.0,348,164,160,1,199,3661889.9,below_2,47.12643678160919,45.97701149425287,0.28735632183908044,57.18390804597702
Wilson,267.0,10.0,289,155,156,11,111,18313297.8,4_to_7,53.63321799307958,53.979238754325266,3.8062283737024223,38.4083044982699
Taholah High School,16.0,3.0,19,9,0,0,16,2215549.9,above_10,47.368421052631575,0.0,0.0,84.21052631578947
Tahoma Senior High School,528.0,36.0,650,324,483,5,77,28364733.7,below_2,49.84615384615385,74.3076923076923,0.7692307692307693,11.846153846153847
Tekoa High School,8.0,1.0,9,5,9,0,4,1915270.0,7_10,55.55555555555556,100.0,0.0,44.44444444444444
Tenino High School,72.0,6.0,94,51,80,2,33,5157539.9,4_to_7,54.25531914893617,85.1063829787234,2.127659574468085,35.1063829787234
Cowlitz Prairie Academy,11.0,1.0,20,7,15,0,15,218248.9,7_10,35.0,75.0,0.0,75.0
Toledo High School,67.0,3.0,73,41,59,0,37,3970282.4,2_to_4,56.16438356164384,80.82191780821918,0.0,50.68493150684932
Tonasket High School,66.0,9.0,73,40,39,3,44,5077210.4,2_to_4,54.794520547945204,53.42465753424658,4.10958904109589,60.273972602739725
Computer Academy Toppenish High School,28.0,30.0,64,37,1,24,63,2656576.9,2_to_4,57.8125,1.5625,37.5,98.4375
Northwest Allprep,20.0,62.0,149,65,118,15,49,1541059.8,below_2,43.624161073825505,79.19463087248322,10.06711409395973,32.88590604026846
Toppenish High School,190.0,3.0,197,93,5,51,179,14202025.7,2_to_4,47.20812182741117,2.5380710659898478,25.888324873096447,90.86294416243655
Foster Senior High School,157.0,28.0,226,127,20,59,164,12768509.1,below_2,56.19469026548673,8.849557522123893,26.10619469026549,72.56637168141593
A G West Black Hills High School,164.0,11.0,188,96,139,0,43,11739185.8,2_to_4,51.06382978723404,73.93617021276596,0.0,22.872340425531913
Cascadia High School,17.0,8.0,77,36,65,0,41,1223427.7,2_to_4,46.75324675324675,84.4155844155844,0.0,53.246753246753244
New Market High School,20.0,7.0,42,30,27,0,16,1219860.8,4_to_7,71.42857142857143,64.28571428571429,0.0,38.095238095238095
Tumwater High School,280.0,5.0,311,157,236,4,87,15068147.3,2_to_4,50.482315112540185,75.88424437299035,1.2861736334405145,27.974276527331188
Curtis Senior High,427.0,13.0,483,237,248,8,157,17162688.7,4_to_7,49.06832298136646,51.345755693581786,1.6563146997929608,32.50517598343685
Paideia High School,10.0,0.0,11,5,9,0,5,1453428.5,7_10,45.45454545454545,81.81818181818183,0.0,45.45454545454545
Columbia River High,279.0,15.0,320,160,234,4,92,14656687.8,2_to_4,50.0,73.125,1.25,28.749999999999996
Fort Vancouver High School,255.0,61.0,336,164,147,61,223,18849846.0,4_to_7,48.80952380952381,43.75,18.154761904761905,66.36904761904762
Hudson's Bay High School,240.0,10.0,237,123,129,15,139,16344047.9,2_to_4,51.89873417721519,54.43037974683544,6.329113924050633,58.64978902953587
Skyview High School,459.0,5.0,460,245,324,9,92,21262957.6,2_to_4,53.2608695652174,70.43478260869566,1.956521739130435,20.0
Student Link,9.0,0.0,21,12,16,1,11,515670.1,7_10,57.14285714285714,76.19047619047619,4.761904761904762,52.38095238095239
Vashon Island High School,110.0,7.0,123,65,101,2,17,7385223.2,below_2,52.84552845528455,82.11382113821138,1.6260162601626018,13.821138211382115
Wahkiakum High School,31.0,0.0,39,24,35,0,25,2810328.2,7_10,61.53846153846154,89.74358974358975,0.0,64.1025641025641
Sentinel Tech Alt School,4.0,7.0,6,5,0,3,6,190626.5,7_10,83.33333333333334,0.0,50.0,100.0
Wahluke High School,125.0,9.0,142,63,4,36,113,9468377.6,4_to_7,44.36619718309859,2.8169014084507045,25.352112676056336,79.5774647887324
Walla Walla High School,358.0,23.0,417,201,239,12,192,20653926.8,2_to_4,48.201438848920866,57.31414868105516,2.877697841726619,46.043165467625904
Walla Walla Open Doors,7.0,46.0,124,65,77,3,70,971383.3,below_2,52.41935483870967,62.096774193548384,2.4193548387096775,56.451612903225815
Pace Alternative High School,6.0,16.0,27,17,3,15,25,1706273.3,above_10,62.96296296296296,11.11111111111111,55.55555555555556,92.5925925925926
Wapato High School,172.0,12.0,181,87,5,45,165,12069834.4,2_to_4,48.06629834254144,2.7624309392265194,24.861878453038674,91.16022099447514
Warden High School,53.0,4.0,65,33,18,7,37,4394098.2,2_to_4,50.76923076923077,27.692307692307693,10.76923076923077,56.92307692307692
Washougal High School,200.0,10.0,278,147,221,2,101,13970530.8,below_2,52.87769784172662,79.49640287769785,0.7194244604316548,36.330935251798564
Wellpinit Fort Simcoe SEA,12.0,32.0,42,26,19,0,13,892763.2,2_to_4,61.904761904761905,45.23809523809524,0.0,30.952380952380953
Wellpinit High School,18.0,0.0,19,10,1,5,14,2809498.0,7_10,52.63157894736842,5.263157894736842,26.31578947368421,73.68421052631578
Wenatchee High School,465.0,19.0,532,258,272,52,269,25073381.4,2_to_4,48.49624060150376,51.127819548872175,9.774436090225564,50.56390977443609
Westside High School,57.0,34.0,139,78,67,23,81,4217393.1,2_to_4,56.11510791366906,48.201438848920866,16.546762589928058,58.27338129496403
Dishman Hills High School,86.0,24.0,133,11,90,3,127,2841754.7,below_2,8.270676691729323,67.66917293233082,2.2556390977443606,95.48872180451127
Spokane Valley Transition School,46.0,23.0,67,36,53,0,47,1729909.5,2_to_4,53.73134328358209,79.1044776119403,0.0,70.1492537313433
West Valley High School,194.0,2.0,202,92,159,4,80,10873142.9,below_2,45.54455445544555,78.71287128712872,1.9801980198019802,39.603960396039604
West Valley High School,305.0,45.0,373,204,246,13,147,13450257.8,4_to_7,54.6916890080429,65.95174262734585,3.485254691689008,39.41018766756032
WEST VALLEY VIRTUAL ACADEMY 9-12,4.0,64.0,43,26,26,1,9,149679.8,2_to_4,60.46511627906976,60.46511627906976,2.3255813953488373,20.930232558139537
White Pass Jr. Sr. High School,31.0,8.0,38,19,34,0,19,3575849.3,7_10,50.0,89.47368421052632,0.0,50.0
White River High School,264.0,11.0,308,174,250,5,77,16121469.9,2_to_4,56.493506493506494,81.16883116883116,1.6233766233766231,25.0
Columbia High School,82.0,4.0,92,50,60,4,33,5281474.2,2_to_4,54.347826086956516,65.21739130434783,4.3478260869565215,35.869565217391305
White Salmon Academy,12.0,3.0,15,9,6,4,11,245089.6,7_10,60.0,40.0,26.666666666666668,73.33333333333333
Winolequa Learning Academy,10.0,1.0,13,10,10,0,13,387481.0,7_10,76.92307692307693,76.92307692307693,0.0,100.0
Woodland Alternative School,16.0,14.0,30,16,27,0,15,770717.1,4_to_7,53.333333333333336,90.0,0.0,50.0
Woodland High School,154.0,16.0,193,107,151,4,84,10322531.4,2_to_4,55.44041450777202,78.23834196891191,2.072538860103627,43.523316062176164
Davis High School,426.0,42.0,540,254,62,93,384,27474758.0,2_to_4,47.03703703703704,11.481481481481481,17.22222222222222,71.11111111111111
Eisenhower High School,396.0,75.0,552,273,128,113,392,25617146.1,4_to_7,49.45652173913043,23.18840579710145,20.47101449275362,71.01449275362319
Stanton Academy,13.0,49.0,122,55,18,28,113,4537883.0,7_10,45.08196721311475,14.754098360655737,22.950819672131146,92.62295081967213
Yakima Online,8.0,6.0,33,10,9,4,22,853457.3,4_to_7,30.303030303030305,27.27272727272727,12.121212121212121,66.66666666666666
Yelm Extension School,17.0,25.0,86,38,69,0,47,1197623.1,below_2,44.18604651162791,80.23255813953489,0.0,54.65116279069767
Yelm High School 12,305.0,13.0,380,183,279,6,135,19862719.6,2_to_4,48.1578947368421,73.42105263157895,1.5789473684210527,35.526315789473685
Zillah High School,105.0,8.0,112,62,60,6,50,5832535.3,2_to_4,55.35714285714286,53.57142857142857,5.357142857142857,44.642857142857146
